예능인	지석진	Ji Suk-jin	지석진
예능인	송은이	Song Eun-yi	송은이
예능인	김숙	Kim Sook (comedian)	김숙
예능인	박명수	Park Myung-soo	박명수
예능인	문세윤	Moon Se-yoon	문세윤
예능인	김준현	Kim Jun-hyun (comedian)	김준현 개그맨
예능인	이수지	Lee Su-ji	이수지
예능인	홍현희	Hong Hyun-hee	홍현희
예능인	이국주	Lee Guk-joo	이국주
예능인	김민경	Kim Min-kyoung	김민경 개그우먼
예능인	홍윤화	Hong Yun-hwa	홍윤화
예능인	신봉선	Shin Bong-sun	신봉선
예능인	신보라	Shin Bora	신보라
예능인	박경림	Park Kyung-lim	박경림
예능인	김영철	Kim Young-chul (comedian)	김영철 개그맨
예능인	김지민	Kim Ji-min	김지민 개그우먼
예능인	강유미	Kang Yoo-mi	강유미
예능인	안영미	Ahn Young-mi	안영미
예능인	박성광	Park Sung-kwang	박성광
예능인	유민상	Yoo Min-sang	유민상
예능인	서경석	Seo Kyung-seok	서경석
예능인	이윤석	Lee Yoon-Seok	이윤석
예능인	박수홍	Park Soo-hong	박수홍
예능인	윤형빈	Yoon Hyung-bin	윤형빈
예능인	김대희	Kim Dae-hee	김대희
예능인	김태균	Kim Tae-gyun (comedian)	김태균 컬투
예능인	정성호	Jung Sung-ho	정성호 개그맨
예능인	지상렬	Ji Sang-ryeol	지상렬
예능인	정이랑	Jung Yi-rang	정이랑
예능인	김원효	Kim Won-hyo	김원효
예능인	샘 해밍턴	Sam Hammington	Sam Hammington
예능인	황광희	Hwang Kwang-hee	황광희
예능인	붐	Boom (entertainer)	붐 방송인
예능인	안성재	Anh Sung-jae	안성재
예능인	최현석	Choi Hyun-seok	최현석 셰프
예능인	이연복	Lee Yeon-bok	이연복
예능인	김성주	Kim Sung-Joo	김성주 아나운서
예능인	배성재	Bae Sung-jae	배성재
예능인	김대호	Kim Dae-ho (announcer)	김대호 아나운서
예능인	주우재	Joo Woo-jae	주우재
예능인	추성훈	Yoshihiro Akiyama	추성훈
예능인	김동현	Kim Dong-hyun (fighter)	김동현 격투기
예능인	안정환	Ahn Jung-hwan	안정환
예능인	정승제	Jung Seung-je	정승제
예능인	오은영	Oh Eun-young	오은영
예능인	에드워드 리	Edward Lee (chef)	Edward Lee chef
예능인	최현우	Choi Hyun-woo (magician)	최현우 마술사
예능인	허팝	Heopop	허팝
예능인	도티	Ddotty	도티
예능인	잠뜰	Jamddeul	잠뜰
예능인	히밥	HEEBA	히밥
예능인	이상민	Lee Sang-min (singer)	이상민 룰라
예능인	박미선	Park Mi-sun	박미선
예능인	조혜련	Jo Hye-ryun	조혜련
예능인	김수용	Kim Soo-yong (comedian)	김수용 개그맨
예능인	이혜정	Lee Hye-jung	이혜정 요리연구가
예능인	김풍	Kim Poong	김풍
예능인	정호영	Jeong Ho-young (chef)	정호영 셰프
예능인	이은결	Lee Eun-gyeol	이은결 마술사
예능인	신기루	Shin Gi-ru	신기루
예능인	김해준	Kim Hae-jun	김해준 개그맨
예능인	황제성	Hwang Je-sung	황제성
예능인	문상훈	Moon Sang-hoon	문상훈
예능인	엄지윤	Eom Ji-yoon	엄지윤
예능인	김원훈	Kim Won-hoon	김원훈
예능인	영국남자	Korean Englishman	영국남자
예능인	타일러 라쉬	Tyler Rasch	Tyler Rasch
예능인	알베르토 몬디	Alberto Mondi	Alberto Mondi
예능인	빠니보틀	Pani Bottle	빠니보틀
예능인	사유리	Sayuri Fujita	사유리
예능인	김나영	Kim Na-young (television personality)	김나영
예능인	오상진	Oh Sang-jin	오상진
예능인	한석준	Han Suk-joon	한석준
예능인	조우종	Jo Woo-jong	조우종
예능인	양상국	Yang Sang-gook	양상국
예능인	정태호	Jung Tae-ho	정태호
예능인	박준형	Park Joon-hyung (comedian)	박준형 개그맨
예능인	김현숙	Kim Hyun-sook	김현숙
예능인	맹승지	Maeng Seung-ji	맹승지
예능인	허안나	Heo An-na	허안나
예능인	이세영	Lee Se-young (comedian)	이세영 개그우먼
예능인	최양락	Choi Yang-rak	최양락
예능인	강재준	Kang Jae-jun	강재준
예능인	이은형	Lee Eun-hyung	이은형
예능인	손헌수	Son Hun-su	손헌수
예능인	한민관	Han Min-kwan	한민관
예능인	곽범	Kwak Beom	곽범
예능인	나영석	Na Young-seok	나영석
예능인	김태호	Kim Tae-ho (producer)	김태호 PD
예능인	윤정수	Yoon Jung-soo (comedian)	윤정수
예능인	홍록기	Hong Rok-gi	홍록기
예능인	심진화	Shim Jin-hwa	심진화
예능인	김인석	Kim In-seok	김인석
예능인	김학도	Kim Hak-do	김학도
예능인	이혜성	Lee Hye-sung	이혜성
예능인	도경완	Do Kyung-wan	도경완
예능인	오정태	Oh Jung-tae	오정태
예능인	이용식	Lee Yong-sik	이용식
예능인	이봉원	Lee Bong-won	이봉원
예능인	김경진	Kim Kyung-jin	김경진 개그맨
예능인	박영진	Park Young-jin	박영진 개그맨
예능인	송준근	Song Joon-geun	송준근
