예능인	장윤주	Jang Yoon-ju	장윤주
예능인	홍진호	Hong Jin-ho	홍진호
예능인	김국진	Kim Gook-jin	김국진
예능인	박소현	Park So-hyun	박소현
예능인	남희석	Nam Hee-suk	남희석
예능인	정지선	Jung Ji-sun (chef)	정지선 셰프
예능인	권성준	Kwon Sung-jun (chef)	권성준 셰프
예능인	강레오	Kang Leo	강레오
예능인	손종원	Son Jong-won	손종원 셰프
예능인	오세득	Oh Se-deuk	오세득
예능인	이사배	Lee Sa-bae	이사배
예능인	문희준	Moon Hee-joon	문희준
예능인	코드 쿤스트	Code Kunst	코드쿤스트
예능인	쯔양	Tzuyang	쯔양
예능인	재재	Jaejae	재재 문명특급
예능인	이승윤	Lee Seung-yoon	이승윤 개그맨
예능인	윤택	Yoon Taek	윤택
예능인	정주리	Jung Joo-ri	정주리
예능인	정경미	Jung Kyung-mi	정경미
예능인	황현희	Hwang Hyun-hee (comedian)	황현희
예능인	박성호	Park Seong-ho (comedian)	박성호 개그맨
예능인	헤이지니	Hey Jini	헤이지니
