배우	이민호	Lee Min-ho (actor, born 1987)	이민호 배우
배우	박신혜	Park Shin-hye	박신혜
배우	송강호	Song Kang-ho	송강호
배우	황정민	Hwang Jung-min	황정민 배우
배우	유해진	Yoo Hai-jin	유해진
배우	강하늘	Kang Ha-neul	강하늘
배우	이준기	Lee Joon-gi	이준기
배우	남궁민	Namkoong Min	남궁민
배우	주지훈	Ju Ji-hoon	주지훈
배우	신혜선	Shin Hye-sun	신혜선
배우	박해수	Park Hae-soo	박해수
배우	위하준	Wi Ha-joon	위하준
배우	박규영	Park Gyu-young	박규영
배우	강동원	Gang Dong-won	강동원
배우	조인성	Jo In-sung	조인성
배우	공효진	Gong Hyo-jin	공효진
배우	김태희	Kim Tae-hee	김태희
배우	한가인	Han Ga-in	한가인
배우	신민아	Shin Min-a	신민아
배우	박민영	Park Min-young	박민영
배우	김소현	Kim So-hyun	김소현
배우	김향기	Kim Hyang-gi	김향기
배우	서강준	Seo Kang-joon	서강준
배우	이성민	Lee Sung-min (actor)	이성민 배우
배우	설경구	Sul Kyung-gu	설경구
배우	최민식	Choi Min-sik	최민식
배우	전도연	Jeon Do-yeon	전도연
배우	염혜란	Yeom Hye-ran	염혜란
배우	박정민	Park Jeong-min	박정민
배우	진선규	Jin Seon-kyu	진선규
배우	안재홍	Ahn Jae-hong	안재홍
배우	이동욱	Lee Dong-wook	이동욱
배우	장나라	Jang Na-ra	장나라
배우	한효주	Han Hyo-joo	한효주
배우	김희선	Kim Hee-sun	김희선
배우	이영애	Lee Young-ae	이영애
배우	차승원	Cha Seung-won	차승원
배우	유승호	Yoo Seung-ho	유승호
배우	여진구	Yeo Jin-goo	여진구
배우	이세영	Lee Se-young	이세영 배우
배우	박성훈	Park Sung-hoon (actor)	박성훈 배우
배우	나문희	Na Moon-hee	나문희
배우	라미란	Ra Mi-ran	라미란
배우	이정은	Lee Jung-eun	이정은 배우
배우	오정세	Oh Jung-se	오정세
배우	권상우	Kwon Sang-woo	권상우
배우	소지섭	So Ji-sub	소지섭
배우	전여빈	Jeon Yeo-been	전여빈
배우	조승우	Cho Seung-woo	조승우
배우	이재욱	Lee Jae-wook	이재욱
배우	이채민	Lee Chae-min	이채민
배우	박형식	Park Hyung-sik	박형식
배우	하지원	Ha Ji-won	하지원
배우	지성	Ji Sung	지성 배우
배우	이서진	Lee Seo-jin	이서진
배우	정유미	Jung Yu-mi (actress, born 1983)	정유미
배우	천우희	Chun Woo-hee	천우희
배우	한지민	Han Ji-min	한지민
배우	김윤석	Kim Yun-seok	김윤석
배우	성동일	Sung Dong-il	성동일
배우	송일국	Song Il-kook	송일국
배우	노정의	Roh Jeong-eui	노정의
배우	김민하	Kim Min-ha	김민하
배우	잭 블랙	Jack Black	Jack Black
배우	드웨인 존슨	Dwayne Johnson	Dwayne Johnson
배우	로완 앳킨슨	Rowan Atkinson	Rowan Atkinson
배우	크리스 에반스	Chris Evans (actor)	Chris Evans actor
배우	크리스 프랫	Chris Pratt	Chris Pratt
배우	베네딕트 컴버배치	Benedict Cumberbatch	Benedict Cumberbatch
배우	마크 러팔로	Mark Ruffalo	Mark Ruffalo
배우	휴 잭맨	Hugh Jackman	Hugh Jackman
배우	톰 행크스	Tom Hanks	Tom Hanks
배우	레오나르도 디카프리오	Leonardo DiCaprio	Leonardo DiCaprio
배우	짐 캐리	Jim Carrey	Jim Carrey
배우	제이슨 모모아	Jason Momoa	Jason Momoa
배우	루퍼트 그린트	Rupert Grint	Rupert Grint
배우	제나 오르테가	Jenna Ortega	Jenna Ortega
배우	밀리 바비 브라운	Millie Bobby Brown	Millie Bobby Brown
배우	엠마 스톤	Emma Stone	Emma Stone
배우	마고 로비	Margot Robbie	Margot Robbie
배우	양자경	Michelle Yeoh	Michelle Yeoh
배우	이연걸	Jet Li	Jet Li
배우	사무엘 L. 잭슨	Samuel L. Jackson	Samuel L. Jackson
배우	앤 해서웨이	Anne Hathaway	Anne Hathaway
배우	라이언 고슬링	Ryan Gosling	Ryan Gosling
배우	맷 데이먼	Matt Damon	Matt Damon
배우	엘리자베스 올슨	Elizabeth Olsen	Elizabeth Olsen
배우	톰 히들스턴	Tom Hiddleston	Tom Hiddleston
배우	오드리 헵번	Audrey Hepburn	Audrey Hepburn
