# topic	answer	level	설명(초성 뒤)	also(/로 구분)
예능인	지석진	normal	"런닝맨"의 맏형, 별명은 왕코	
예능인	송은이	hard	개그우먼, 김숙과 "비밀보장"을 진행해요	
예능인	김숙	normal	개그우먼, "옥탑방의 문제아들" 진행자	
예능인	박명수	normal	"무한도전"의 개그맨, 별명은 거성	
예능인	문세윤	normal	"1박 2일"의 개그맨, "맛있는 녀석들"	
예능인	김준현	hard	개그맨, "맛있는 녀석들"의 먹방 대장	
예능인	이수지	normal	개그우먼, "SNL 코리아"와 유튜브 "핫이슈지"	
예능인	홍현희	normal	개그우먼, 인테리어 디자이너 제이쓴의 아내	
예능인	이국주	hard	개그우먼, 유행어 "호로록"	
예능인	김민경	hard	개그우먼, 운동을 잘해 "운동뚱"으로 불려요	
예능인	홍윤화	hard	"개그콘서트" 출신 개그우먼, 해맑은 웃음	
예능인	신봉선	hard	"개그콘서트" 출신 개그우먼, "셀럽파이브" 멤버	
예능인	신보라	hard	"개그콘서트" 출신 개그우먼 겸 가수	
예능인	박경림	hard	방송인, 영화 제작발표회의 단골 진행자	
예능인	김영철	normal	"아는 형님"의 개그맨, 영어를 잘해요	
예능인	김지민	hard	"개그콘서트" 출신 개그우먼, 유행어 "느낌 아니까"	
예능인	강유미	hard	개그우먼, 유튜브 상황극의 달인	
예능인	안영미	hard	개그우먼, "라디오스타" 진행자	
예능인	유민상	hard	"개그콘서트" 최장수 개그맨, "맛있는 녀석들"	
예능인	서경석	hard	개그맨, 이윤석과 함께한 콤비	
예능인	이윤석	hard	개그맨, 서경석과 함께한 콤비	
예능인	박수홍	hard	개그맨, "미운 우리 새끼"에 나왔어요	
예능인	윤형빈	hard	"개그콘서트"의 왕비호, 격투기 선수로도 뛰었어요	
예능인	김대희	hard	"개그콘서트" 출신 개그맨, 유행어 "밥 묵자"	
예능인	김태균	hard	컬투의 개그맨, 라디오 "컬투쇼"	
예능인	정성호	hard	성대모사의 달인 개그맨	
예능인	김원효	hard	"개그콘서트" 출신 개그맨, 유행어 "안 돼~"	
예능인	샘 해밍턴	hard	호주 출신 방송인, 윌리엄·벤틀리의 아빠	
예능인	황광희	normal	"무한도전" 막내였던 방송인, 제국의아이들 출신	광희
예능인	붐	normal	방송인, "놀라운 토요일" 진행자	
예능인	안성재	normal	셰프, "흑백요리사"의 심사위원	
예능인	최현석	normal	셰프, "냉장고를 부탁해"·"흑백요리사"	
예능인	이연복	normal	중식 요리사, "현지에서 먹힐까?"	
예능인	김성주	normal	아나운서 출신 진행자, "복면가왕"	
예능인	배성재	hard	스포츠 캐스터, "골 때리는 그녀들" 중계	
예능인	김대호	normal	아나운서 출신 방송인, "나 혼자 산다"	
예능인	주우재	normal	모델 출신 방송인, "놀면 뭐하니?"에 나왔어요	
예능인	추성훈	normal	격투기 선수 출신 방송인, 사랑이 아빠	
예능인	김동현	normal	UFC 격투기 선수 출신 방송인	
예능인	안정환	normal	축구 선수 출신 방송인, "뭉쳐야 찬다"	
예능인	정승제	normal	수학 일타 강사, "티처스"	
예능인	오은영	normal	정신건강의학과 의사, "금쪽같은 내 새끼"	
예능인	에드워드 리	hard	미국에서 온 셰프, "흑백요리사" 준우승	
예능인	최현우	hard	TV 마술쇼로 유명한 마술사	
예능인	허팝	easy	신기한 실험 영상을 올리는 유튜버	
예능인	도티	easy	마인크래프트 영상으로 유명한 유튜버	
예능인	잠뜰	easy	마인크래프트 상황극으로 유명한 유튜버	
예능인	이상민	hard	룰라 출신 방송인, "아는 형님"	
예능인	박미선	hard	개그우먼, 개그맨 이봉원의 아내	
예능인	조혜련	hard	개그우먼, 노래 "아나까나"	
예능인	김수용	hard	개그맨, 무표정 개그	
예능인	이혜정	hard	요리 연구가, 별명은 빅마마	
예능인	김풍	hard	웹툰 작가 겸 방송인, "냉장고를 부탁해"	
예능인	정호영	hard	일식 셰프, "냉장고를 부탁해"	
예능인	이은결	hard	일루셔니스트로 불리는 마술사	
예능인	김해준	hard	개그맨, 부캐 "최준"	
예능인	황제성	hard	개그맨, "SNL 코리아"의 성대모사	
예능인	문상훈	hard	유튜브 "빠더너스"의 개그맨	
예능인	엄지윤	hard	유튜브 상황극으로 인기를 얻은 개그우먼	
예능인	김원훈	hard	유튜브 상황극으로 인기를 얻은 개그맨	
예능인	영국남자	hard	한국 음식을 소개하는 영국인 유튜버 조시	
예능인	타일러 라쉬	hard	"비정상회담"의 미국인 방송인	타일러
예능인	알베르토 몬디	hard	"비정상회담"의 이탈리아 방송인	알베르토
예능인	빠니보틀	normal	여행 유튜버, "지구마불 세계여행"	
예능인	사유리	hard	일본 출신 방송인, 젠의 엄마	
예능인	김나영	hard	방송인, 패션 유튜버	
예능인	박준형	hard	"개그콘서트" 출신 개그맨, 별명은 갈갈이	
예능인	김현숙	hard	개그우먼, "막돼먹은 영애씨"의 영애	
예능인	최양락	hard	개그맨, 팽현숙의 남편	
예능인	나영석	normal	"지구오락실"·"삼시세끼"를 만든 예능 PD	
예능인	김태호	hard	"무한도전"을 만든 예능 PD	
예능인	도경완	hard	아나운서 출신 방송인, 가수 장윤정의 남편	
예능인	강남	normal	일본 출신 방송인, 이상화 선수의 남편	
예능인	장영란	hard	방송인, 유튜브 "A급 장영란"	
예능인	한혜진	hard	모델 겸 방송인, "나 혼자 산다"	
예능인	이현이	hard	모델 겸 방송인, "골 때리는 그녀들"	
예능인	조나단	normal	콩고 출신 방송인, 유쾌한 유튜버	
예능인	랄랄	normal	유튜버, "이명화" 캐릭터	
예능인	심형탁	hard	배우 겸 방송인, 아들 하루의 아빠	
예능인	파트리샤	hard	콩고 출신 방송인, 조나단의 동생	
배우	이민호	normal	드라마 "꽃보다 남자"의 구준표	
배우	박신혜	hard	드라마 "피노키오"·"닥터슬럼프"의 배우	
배우	송강호	normal	영화 "기생충"의 아빠 기택	
배우	황정민	normal	영화 "베테랑"·"서울의 봄"의 배우	
배우	유해진	normal	영화 "파묘"·예능 "삼시세끼"의 배우	
배우	강하늘	hard	드라마 "동백꽃 필 무렵"의 용식이	
배우	이준기	hard	영화 "왕의 남자"·드라마 "달의 연인"	
배우	남궁민	hard	드라마 "연인"·"천원짜리 변호사"	
배우	주지훈	normal	드라마 "중증외상센터"의 천재 외과 의사	
배우	신혜선	hard	드라마 "철인왕후"의 배우	
배우	박해수	hard	"오징어 게임"의 218번 조상우	
배우	위하준	hard	"오징어 게임"의 형사 황준호	
배우	박규영	hard	"오징어 게임 2"의 노을, "스위트홈"	
배우	강동원	hard	영화 "전우치"·"검은 사제들"의 배우	
배우	조인성	hard	드라마 "무빙"의 하늘을 나는 아빠	
배우	공효진	hard	드라마 "동백꽃 필 무렵"의 동백이	
배우	김태희	hard	드라마 "천국의 계단"의 배우, 가수 비의 아내	
배우	한가인	hard	드라마 "해를 품은 달"의 배우, 유튜버	
배우	신민아	hard	드라마 "갯마을 차차차"의 치과 의사	
배우	박민영	hard	드라마 "김비서가 왜 그럴까"·"내 남편과 결혼해줘"	
배우	김소현	hard	드라마 "좋아하면 울리는"의 배우	
배우	김향기	hard	영화 "신과 함께"의 덕춘	
배우	서강준	hard	드라마 "언더커버 하이스쿨"·"제3의 매력"	
배우	이성민	hard	드라마 "재벌집 막내아들"의 진양철 회장	
배우	설경구	hard	영화 "박하사탕"·"실미도"의 배우	
배우	최민식	normal	영화 "명량"의 이순신, "파묘"의 풍수사	
배우	전도연	hard	영화 "밀양"으로 칸 영화제 여우주연상을 받은 배우	
배우	염혜란	hard	"폭싹 속았수다"의 광례, "더 글로리"	
배우	박정민	hard	영화 "그것만이 내 세상"·"밀수"의 배우	
배우	진선규	hard	영화 "극한직업"의 마형사	
배우	안재홍	hard	드라마 "응답하라 1988"의 정봉이	
배우	이동욱	normal	드라마 "도깨비"의 저승사자	
배우	장나라	hard	가수 겸 배우, 드라마 "고백부부"	
배우	한효주	hard	드라마 "무빙"의 엄마 이미현	
배우	김희선	hard	드라마 "토마토"·"내일"의 배우	
배우	이영애	normal	드라마 "대장금"의 장금이	
배우	차승원	normal	예능 "삼시세끼"의 차줌마	
배우	유승호	hard	영화 "집으로"의 아역 출신 배우	
배우	여진구	hard	드라마 "호텔 델루나"·영화 "하이재킹"	
배우	이세영	hard	드라마 "옷소매 붉은 끝동"의 성덕임	
배우	박성훈	hard	"더 글로리"의 전재준, "오징어 게임 2"	
배우	나문희	hard	영화 "아이 캔 스피크"의 할머니	
배우	라미란	normal	드라마 "응답하라 1988"의 치타 여사	
배우	이정은	hard	영화 "기생충"의 가정부 문광	
배우	오정세	hard	드라마 "동백꽃 필 무렵"의 노규태	
배우	권상우	hard	영화 "말죽거리 잔혹사"·"히트맨"	
배우	소지섭	hard	드라마 "주군의 태양"·"내 뒤에 테리우스"	
배우	전여빈	hard	드라마 "빈센조"의 홍차영	
배우	조승우	hard	드라마 "비밀의 숲"·뮤지컬 "지킬 앤 하이드"	
배우	이재욱	hard	드라마 "환혼"의 장욱	
배우	이채민	normal	드라마 "폭군의 셰프"의 왕 이헌	
배우	박형식	hard	드라마 "보물섬"·"상속자들"	
배우	하지원	hard	드라마 "시크릿 가든"·"기황후"	
배우	지성	hard	드라마 "킬미, 힐미"·"커넥션"의 배우	
배우	이서진	hard	예능 "삼시세끼"·"윤식당"의 배우	
배우	정유미	hard	영화 "부산행"·예능 "윤식당"의 배우	
배우	천우희	hard	영화 "써니"·"곡성"의 배우	
배우	한지민	hard	드라마 "눈이 부시게"·"나의 해방일지"	
배우	김윤석	hard	영화 "노량"의 이순신, "모가디슈"	
배우	성동일	normal	드라마 "응답하라" 시리즈의 아빠	
배우	송일국	normal	배우, 삼둥이 대한·민국·만세의 아빠	
배우	노정의	hard	드라마 "마녀"·"하이라키"의 배우	
배우	김민하	hard	드라마 "파친코"의 선자	
배우	잭 블랙	normal	"쿵푸팬더" 포의 목소리, "마인크래프트 무비"의 스티브	
배우	드웨인 존슨	normal	레슬러 출신 배우, "모아나"의 마우이 목소리	더 록
배우	크리스 에반스	normal	영화 "어벤져스"의 캡틴 아메리카	
배우	크리스 프랫	hard	영화 "쥬라기 월드"의 주인공, "슈퍼 마리오" 마리오 목소리	
배우	베네딕트 컴버배치	hard	영화 "닥터 스트레인지"의 주인공	
배우	마크 러팔로	hard	영화 "어벤져스"의 헐크	
배우	휴 잭맨	hard	영화 "엑스맨"의 울버린	
배우	톰 행크스	hard	"토이 스토리" 우디의 목소리, "포레스트 검프"	
배우	레오나르도 디카프리오	hard	영화 "타이타닉"의 잭	디카프리오
배우	짐 캐리	hard	영화 "마스크"·"수퍼 소닉"의 닥터 로보트닉	
배우	제이슨 모모아	hard	영화 "아쿠아맨"의 주인공	
배우	루퍼트 그린트	normal	영화 "해리 포터"의 론 위즐리	
배우	제나 오르테가	hard	드라마 "웬즈데이"의 주인공	
배우	밀리 바비 브라운	hard	드라마 "기묘한 이야기"의 일레븐	
배우	엠마 스톤	hard	영화 "라라랜드"·"크루엘라"의 배우	
배우	마고 로비	hard	영화 "바비"의 주인공	
배우	양자경	hard	아시아 배우 최초로 아카데미 여우주연상을 받은 배우	
배우	이연걸	hard	중국 무술 배우, 영화 "황비홍"	
배우	사무엘 L. 잭슨	hard	영화 "어벤져스"의 닉 퓨리	새뮤얼 L. 잭슨/새뮤얼 잭슨
배우	앤 해서웨이	hard	영화 "프린세스 다이어리"·"악마는 프라다를 입는다"	
배우	라이언 고슬링	hard	영화 "라라랜드"의 재즈 피아니스트	
배우	맷 데이먼	hard	영화 "마션"·"본" 시리즈의 배우	
배우	엘리자베스 올슨	hard	영화 "어벤져스"의 스칼렛 위치	
배우	톰 히들스턴	hard	영화 "토르"의 로키	
가수	사나	normal	트와이스 멤버, "샤샤샤"	
가수	미나	hard	트와이스 멤버, 발레를 배운 일본 출신	
가수	채영	hard	트와이스 멤버, 그림을 잘 그리는 래퍼	손채영
가수	지코	normal	"아무노래"를 부른 래퍼, 블락비 출신	
가수	박진영	normal	JYP를 세운 가수, "날 떠나지 마"	
가수	이찬원	hard	"미스터트롯" 출신 트로트 가수, "진또배기"	
가수	이찬혁	normal	악뮤의 오빠, "파노라마"	
가수	이수현	normal	악뮤의 동생, "200%"를 함께 부른 가수	
가수	윤아	normal	소녀시대 멤버, 드라마 "폭군의 셰프"	임윤아
가수	키	hard	샤이니 멤버, "놀라운 토요일"	
가수	솔라	hard	마마무 멤버, 시원한 고음의 가수	
가수	레이	hard	아이브 멤버, 일본 출신 래퍼	
가수	장윤정	hard	트로트 가수, "어머나"	
예능인	장윤주	hard	모델 겸 방송인, 영화 "베테랑"에 나왔어요	
예능인	홍진호	hard	프로게이머 출신 방송인, "더 지니어스"	
예능인	김국진	hard	개그맨, "라디오스타"의 오랜 진행자	
예능인	박소현	hard	"세상에 이런 일이"의 진행자	
예능인	남희석	hard	개그맨, "전국노래자랑" 진행자	
예능인	정지선	hard	중식 셰프, "흑백요리사"	
예능인	권성준	hard	셰프, "흑백요리사" 우승자 나폴리 맛피아	나폴리 맛피아
예능인	강레오	hard	셰프, "마스터셰프 코리아" 심사위원	
예능인	손종원	hard	셰프, "냉장고를 부탁해"	
예능인	오세득	hard	셰프, "냉장고를 부탁해"	
예능인	이사배	hard	메이크업을 알려 주는 유튜버	
예능인	문희준	hard	H.O.T. 출신 방송인	
예능인	코드 쿤스트	hard	음악 프로듀서, "나 혼자 산다"	코쿤
예능인	쯔양	normal	많이 먹기로 유명한 먹방 유튜버	
예능인	재재	hard	유튜브 "문명특급"의 진행자	
예능인	이승윤	hard	개그맨, "나는 자연인이다" 진행자	
예능인	윤택	hard	개그맨, "나는 자연인이다" 진행자	
예능인	정주리	hard	개그우먼, 다섯 아들의 엄마	
예능인	정경미	hard	"개그콘서트" 출신 개그우먼, 윤형빈의 아내	
예능인	황현희	hard	"개그콘서트" 출신 개그맨, "소비자 고발" 코너	
예능인	박성호	hard	"개그콘서트" 출신 개그맨	
예능인	헤이지니	normal	어린이 유튜버 언니, 장난감 놀이 영상	
